word_count,char_count,question_marks,has_constraint,is_code,is_doc,is_complex,palier_idx,safe,id
64.0,429.0,0.0,0.0,0.0,0.0,1.0,3.0,1,c000
112.0,720.0,0.0,0.0,0.0,0.0,0.0,3.0,0,c002
48.0,302.0,0.0,0.0,0.0,0.0,0.0,3.0,1,c003
32.0,179.0,1.0,0.0,1.0,0.0,0.0,3.0,0,c004
78.0,487.0,0.0,0.0,0.0,0.0,0.0,3.0,0,c006
32.0,193.0,1.0,0.0,0.0,0.0,0.0,3.0,0,c007
36.0,206.0,2.0,0.0,0.0,0.0,0.0,3.0,1,c009
94.0,573.0,0.0,0.0,0.0,0.0,0.0,3.0,0,c011
42.0,226.0,1.0,0.0,1.0,0.0,0.0,3.0,0,c012
76.0,478.0,2.0,0.0,0.0,0.0,0.0,3.0,1,c013
76.0,477.0,2.0,0.0,0.0,0.0,0.0,3.0,1,c014
41.0,234.0,2.0,0.0,0.0,0.0,0.0,3.0,0,c015
126.0,771.0,0.0,0.0,0.0,0.0,1.0,7.0,0,c016
31.0,196.0,0.0,0.0,0.0,0.0,0.0,3.0,1,c017
39.0,253.0,0.0,0.0,0.0,0.0,0.0,3.0,1,c018
50.0,245.0,0.0,0.0,0.0,0.0,0.0,3.0,0,c019
37.0,218.0,1.0,0.0,0.0,0.0,0.0,7.0,1,c020
47.0,619.0,0.0,0.0,0.0,0.0,0.0,3.0,1,c021
37.0,218.0,1.0,0.0,0.0,0.0,0.0,7.0,0,c022
34.0,184.0,1.0,0.0,0.0,0.0,0.0,3.0,1,c023
35.0,189.0,1.0,0.0,0.0,0.0,0.0,3.0,1,c024
48.0,302.0,0.0,0.0,0.0,0.0,0.0,3.0,1,c025
37.0,218.0,1.0,0.0,0.0,0.0,0.0,7.0,1,c026
37.0,218.0,1.0,0.0,0.0,0.0,0.0,7.0,1,c027
37.0,218.0,1.0,0.0,0.0,0.0,0.0,7.0,0,c028
37.0,218.0,1.0,0.0,0.0,0.0,0.0,7.0,1,c029
37.0,218.0,1.0,0.0,0.0,0.0,0.0,7.0,1,c030
37.0,218.0,1.0,0.0,0.0,0.0,0.0,7.0,0,c032
65.0,392.0,0.0,0.0,0.0,0.0,0.0,3.0,0,c033
38.0,210.0,1.0,0.0,1.0,0.0,0.0,3.0,0,c034
63.0,359.0,0.0,0.0,1.0,0.0,0.0,7.0,1,c035
38.0,226.0,0.0,0.0,0.0,0.0,0.0,3.0,1,c036
98.0,641.0,0.0,0.0,0.0,0.0,0.0,3.0,0,c037
63.0,371.0,2.0,0.0,0.0,0.0,0.0,3.0,1,c038
42.0,235.0,1.0,0.0,0.0,1.0,0.0,3.0,0,c041
41.0,239.0,0.0,0.0,0.0,0.0,0.0,3.0,1,c042
51.0,303.0,2.0,0.0,0.0,0.0,0.0,3.0,1,c043
41.0,259.0,0.0,0.0,0.0,0.0,0.0,3.0,1,c044
69.0,502.0,0.0,0.0,1.0,0.0,0.0,3.0,1,c045
156.0,948.0,1.0,0.0,0.0,0.0,0.0,3.0,0,c047
161.0,1086.0,0.0,0.0,0.0,0.0,0.0,3.0,0,c048
36.0,217.0,0.0,0.0,0.0,0.0,0.0,3.0,0,c049
33.0,209.0,0.0,0.0,0.0,0.0,0.0,3.0,0,c050
107.0,672.0,0.0,1.0,0.0,1.0,0.0,3.0,0,c051
33.0,199.0,0.0,0.0,0.0,0.0,0.0,3.0,1,c052
164.0,1121.0,0.0,0.0,0.0,0.0,0.0,3.0,0,c053
152.0,918.0,1.0,0.0,0.0,0.0,0.0,3.0,1,c055
99.0,611.0,0.0,0.0,0.0,0.0,0.0,4.0,1,c056
80.0,539.0,0.0,0.0,0.0,1.0,1.0,4.0,1,c057
67.0,408.0,0.0,0.0,0.0,0.0,0.0,3.0,0,c058
99.0,611.0,0.0,0.0,0.0,0.0,0.0,4.0,1,c059
48.0,270.0,0.0,0.0,0.0,1.0,0.0,3.0,1,c060
57.0,346.0,0.0,0.0,0.0,0.0,0.0,3.0,0,c061
31.0,162.0,0.0,0.0,1.0,0.0,0.0,3.0,0,c062
68.0,399.0,0.0,0.0,0.0,0.0,0.0,3.0,1,c063
103.0,587.0,0.0,0.0,0.0,0.0,0.0,3.0,1,c064
38.0,284.0,1.0,0.0,0.0,0.0,0.0,3.0,0,c065
135.0,837.0,0.0,0.0,0.0,1.0,0.0,3.0,1,c067
135.0,1077.0,0.0,0.0,1.0,0.0,0.0,7.0,0,c068
76.0,499.0,2.0,0.0,0.0,0.0,0.0,3.0,0,c069
35.0,215.0,1.0,0.0,0.0,0.0,0.0,3.0,0,c070
38.0,288.0,0.0,0.0,0.0,0.0,0.0,3.0,1,c071
56.0,355.0,0.0,0.0,0.0,1.0,0.0,8.0,0,c072
78.0,609.0,0.0,0.0,0.0,0.0,1.0,4.0,0,c073
75.0,454.0,2.0,0.0,0.0,0.0,0.0,3.0,0,c074
125.0,750.0,2.0,0.0,0.0,0.0,0.0,3.0,0,c075
83.0,510.0,2.0,0.0,0.0,0.0,0.0,3.0,0,c076
94.0,668.0,1.0,0.0,0.0,1.0,0.0,8.0,1,c077
81.0,487.0,1.0,0.0,0.0,0.0,0.0,3.0,0,c078
38.0,167.0,1.0,0.0,0.0,0.0,0.0,3.0,1,c079
32.0,190.0,0.0,0.0,0.0,0.0,1.0,3.0,1,c080
74.0,450.0,0.0,0.0,0.0,0.0,0.0,3.0,1,c081
122.0,775.0,1.0,0.0,0.0,0.0,0.0,3.0,1,c083
87.0,1453.0,0.0,0.0,0.0,0.0,0.0,3.0,1,c085
35.0,201.0,1.0,0.0,0.0,0.0,0.0,3.0,1,c087
35.0,201.0,1.0,0.0,0.0,0.0,0.0,3.0,0,c088
34.0,210.0,1.0,0.0,0.0,0.0,0.0,3.0,0,c089
34.0,210.0,1.0,0.0,0.0,0.0,0.0,3.0,0,c090
34.0,210.0,1.0,0.0,0.0,0.0,0.0,3.0,1,c091
46.0,254.0,1.0,0.0,0.0,0.0,0.0,3.0,0,c092
42.0,251.0,0.0,0.0,0.0,0.0,0.0,3.0,1,c094
63.0,407.0,0.0,0.0,0.0,0.0,1.0,4.0,1,c095
192.0,1138.0,0.0,0.0,0.0,0.0,0.0,3.0,0,c096
121.0,777.0,1.0,0.0,0.0,0.0,0.0,3.0,0,c097
82.0,1389.0,0.0,0.0,1.0,0.0,0.0,3.0,1,c098
137.0,874.0,1.0,0.0,0.0,0.0,0.0,3.0,0,c100
173.0,1012.0,1.0,0.0,0.0,1.0,0.0,7.0,1,c102
38.0,224.0,0.0,0.0,0.0,0.0,0.0,3.0,0,c103
35.0,217.0,0.0,0.0,1.0,0.0,0.0,3.0,0,c104
35.0,226.0,1.0,0.0,0.0,0.0,0.0,3.0,1,c105
66.0,370.0,0.0,0.0,0.0,0.0,0.0,3.0,1,c106
109.0,692.0,1.0,0.0,0.0,0.0,0.0,3.0,1,c107
122.0,694.0,0.0,0.0,0.0,0.0,0.0,7.0,1,c108
51.0,325.0,2.0,0.0,0.0,0.0,0.0,3.0,1,c109
68.0,414.0,1.0,0.0,0.0,0.0,0.0,3.0,1,c110
68.0,411.0,1.0,0.0,0.0,0.0,0.0,3.0,0,c111
36.0,217.0,2.0,0.0,0.0,0.0,0.0,3.0,1,c112
51.0,296.0,0.0,0.0,0.0,0.0,0.0,3.0,0,c113
36.0,217.0,2.0,0.0,0.0,0.0,0.0,3.0,0,c114
103.0,787.0,1.0,0.0,0.0,0.0,0.0,3.0,0,c116
34.0,223.0,2.0,0.0,0.0,0.0,0.0,3.0,1,c117
54.0,307.0,0.0,0.0,0.0,0.0,1.0,3.0,0,c119
56.0,379.0,0.0,0.0,0.0,0.0,0.0,3.0,0,c120
69.0,447.0,0.0,0.0,0.0,0.0,0.0,3.0,0,c121
69.0,447.0,0.0,0.0,0.0,0.0,0.0,3.0,0,c122
36.0,233.0,1.0,0.0,0.0,0.0,0.0,3.0,1,c123
37.0,211.0,1.0,0.0,0.0,0.0,0.0,3.0,1,c124
119.0,1114.0,0.0,0.0,1.0,0.0,0.0,3.0,0,c125
41.0,255.0,1.0,0.0,0.0,0.0,0.0,3.0,0,c126
69.0,447.0,0.0,0.0,0.0,0.0,0.0,3.0,0,c127
78.0,609.0,0.0,0.0,0.0,0.0,1.0,4.0,0,c128
30.0,192.0,0.0,0.0,0.0,0.0,0.0,3.0,0,c129
32.0,182.0,0.0,0.0,0.0,0.0,0.0,3.0,1,c131
113.0,801.0,0.0,0.0,0.0,0.0,1.0,4.0,0,c132
34.0,199.0,0.0,0.0,0.0,0.0,1.0,4.0,0,c133
120.0,846.0,0.0,0.0,0.0,0.0,1.0,4.0,0,c134
139.0,953.0,0.0,0.0,0.0,0.0,1.0,4.0,1,c135
30.0,163.0,1.0,0.0,0.0,0.0,0.0,3.0,0,c136
82.0,503.0,2.0,0.0,1.0,0.0,0.0,4.0,0,c137
83.0,465.0,0.0,0.0,0.0,0.0,0.0,3.0,1,c138
84.0,516.0,0.0,0.0,0.0,0.0,0.0,3.0,1,c139
33.0,227.0,0.0,0.0,0.0,0.0,0.0,3.0,1,c140
137.0,847.0,0.0,0.0,0.0,0.0,0.0,3.0,0,c141
135.0,837.0,0.0,0.0,0.0,0.0,0.0,3.0,1,c142
37.0,215.0,0.0,0.0,0.0,0.0,0.0,3.0,0,c143
33.0,185.0,0.0,0.0,0.0,0.0,0.0,3.0,1,c144
37.0,254.0,0.0,0.0,0.0,0.0,0.0,3.0,0,c145
37.0,197.0,0.0,0.0,0.0,0.0,0.0,3.0,0,c148
65.0,419.0,1.0,0.0,0.0,0.0,0.0,3.0,0,c149
37.0,215.0,0.0,0.0,0.0,0.0,0.0,3.0,0,c150
65.0,419.0,1.0,0.0,0.0,0.0,0.0,3.0,0,c151
36.0,246.0,0.0,0.0,0.0,0.0,0.0,3.0,0,c152
106.0,680.0,0.0,1.0,0.0,0.0,0.0,3.0,0,c153
44.0,276.0,0.0,0.0,0.0,0.0,0.0,3.0,1,c154
91.0,594.0,0.0,1.0,0.0,0.0,0.0,3.0,0,c155
116.0,676.0,0.0,0.0,0.0,0.0,0.0,4.0,0,c156
37.0,206.0,1.0,0.0,0.0,0.0,0.0,3.0,0,c157
41.0,284.0,1.0,0.0,0.0,0.0,0.0,3.0,0,c158
63.0,377.0,1.0,0.0,1.0,0.0,0.0,3.0,0,c159
108.0,619.0,0.0,0.0,0.0,0.0,0.0,7.0,0,c160
91.0,603.0,0.0,1.0,0.0,0.0,0.0,3.0,0,c161
37.0,246.0,0.0,0.0,0.0,1.0,0.0,3.0,1,c163
44.0,233.0,0.0,0.0,0.0,0.0,1.0,3.0,1,c164
97.0,547.0,1.0,0.0,0.0,1.0,0.0,3.0,0,c165
76.0,439.0,0.0,0.0,0.0,0.0,0.0,3.0,1,c166
93.0,588.0,0.0,1.0,0.0,0.0,0.0,3.0,1,c167
110.0,655.0,0.0,0.0,1.0,1.0,0.0,3.0,0,c169
103.0,566.0,5.0,0.0,0.0,0.0,0.0,4.0,0,c171
65.0,406.0,2.0,0.0,0.0,0.0,0.0,3.0,1,c172
139.0,837.0,3.0,1.0,0.0,0.0,0.0,6.0,1,c173
95.0,614.0,0.0,1.0,0.0,0.0,0.0,3.0,1,c174
193.0,1213.0,1.0,0.0,0.0,0.0,0.0,7.0,1,c175
33.0,201.0,1.0,0.0,0.0,0.0,0.0,3.0,1,c176
32.0,197.0,0.0,0.0,1.0,0.0,0.0,3.0,0,c177
74.0,487.0,0.0,0.0,0.0,0.0,0.0,3.0,1,c178
42.0,262.0,1.0,0.0,0.0,0.0,0.0,3.0,1,c180
127.0,928.0,0.0,0.0,1.0,0.0,0.0,3.0,1,c181
34.0,220.0,0.0,0.0,0.0,0.0,1.0,4.0,1,c182
30.0,198.0,2.0,0.0,0.0,0.0,0.0,3.0,0,c183
50.0,324.0,0.0,0.0,0.0,0.0,1.0,4.0,1,c184
66.0,399.0,0.0,0.0,0.0,1.0,0.0,3.0,0,c185
35.0,196.0,0.0,0.0,0.0,0.0,0.0,3.0,0,c187
32.0,202.0,0.0,0.0,0.0,0.0,0.0,3.0,0,c188
32.0,205.0,0.0,0.0,0.0,0.0,1.0,3.0,1,c189
67.0,509.0,1.0,0.0,0.0,0.0,0.0,3.0,1,c190
38.0,231.0,0.0,0.0,0.0,0.0,1.0,3.0,1,c191
99.0,583.0,2.0,0.0,0.0,0.0,0.0,3.0,0,c192
40.0,236.0,0.0,0.0,0.0,0.0,1.0,3.0,1,c193
116.0,676.0,0.0,0.0,0.0,0.0,0.0,4.0,1,c194
166.0,1049.0,0.0,0.0,0.0,0.0,0.0,3.0,1,c195
33.0,211.0,0.0,1.0,0.0,1.0,0.0,3.0,1,c196
140.0,825.0,0.0,0.0,0.0,0.0,0.0,7.0,0,c197
38.0,241.0,0.0,0.0,0.0,0.0,0.0,3.0,1,c198
73.0,459.0,0.0,0.0,0.0,0.0,0.0,3.0,0,c199
31.0,199.0,1.0,0.0,0.0,0.0,0.0,3.0,0,c200
66.0,356.0,0.0,0.0,0.0,0.0,0.0,3.0,1,c201
50.0,302.0,0.0,0.0,0.0,0.0,1.0,3.0,1,c202
49.0,293.0,0.0,1.0,0.0,0.0,0.0,3.0,1,c203
31.0,192.0,2.0,0.0,0.0,0.0,0.0,3.0,1,c205
51.0,330.0,0.0,0.0,0.0,1.0,0.0,3.0,1,c206
49.0,293.0,0.0,0.0,0.0,0.0,1.0,3.0,1,c207
181.0,1120.0,0.0,0.0,0.0,0.0,0.0,4.0,0,c208
160.0,903.0,2.0,0.0,0.0,0.0,0.0,3.0,0,c209
103.0,658.0,0.0,0.0,0.0,0.0,0.0,3.0,0,c210
80.0,523.0,0.0,0.0,0.0,0.0,0.0,3.0,1,c211
103.0,658.0,0.0,0.0,0.0,0.0,0.0,3.0,0,c212
160.0,903.0,2.0,0.0,0.0,0.0,0.0,3.0,1,c213
34.0,199.0,1.0,0.0,0.0,0.0,0.0,3.0,1,c214
41.0,201.0,1.0,0.0,0.0,0.0,0.0,3.0,0,c215
135.0,799.0,0.0,0.0,0.0,0.0,0.0,3.0,0,c216
53.0,315.0,1.0,0.0,1.0,0.0,1.0,7.0,0,c217
96.0,594.0,0.0,0.0,0.0,0.0,1.0,4.0,1,c219
67.0,387.0,0.0,0.0,0.0,0.0,0.0,3.0,1,c220
55.0,344.0,0.0,0.0,1.0,0.0,0.0,3.0,1,c221
35.0,261.0,0.0,0.0,0.0,0.0,0.0,3.0,0,c222
60.0,389.0,5.0,0.0,0.0,0.0,0.0,3.0,1,c223
61.0,350.0,0.0,0.0,0.0,0.0,0.0,3.0,1,c224
51.0,300.0,0.0,0.0,0.0,0.0,0.0,3.0,0,c225
82.0,472.0,0.0,0.0,0.0,0.0,0.0,3.0,1,c226
32.0,179.0,1.0,0.0,0.0,0.0,0.0,3.0,1,c227
36.0,197.0,2.0,0.0,0.0,0.0,0.0,3.0,0,c228
78.0,503.0,0.0,0.0,0.0,0.0,0.0,3.0,1,c229
105.0,700.0,0.0,0.0,1.0,0.0,0.0,7.0,0,c230
35.0,173.0,0.0,0.0,0.0,0.0,0.0,3.0,0,c231
130.0,809.0,0.0,0.0,1.0,0.0,0.0,7.0,0,c234
43.0,316.0,0.0,0.0,1.0,0.0,1.0,7.0,1,c235
91.0,636.0,0.0,0.0,1.0,0.0,0.0,7.0,1,c236
163.0,995.0,0.0,0.0,0.0,0.0,0.0,3.0,0,c237
59.0,324.0,0.0,0.0,0.0,1.0,0.0,3.0,0,c238
144.0,894.0,0.0,0.0,1.0,0.0,1.0,3.0,0,c239
41.0,262.0,0.0,0.0,0.0,0.0,0.0,3.0,1,c240
103.0,546.0,1.0,0.0,0.0,0.0,0.0,7.0,0,c241
43.0,257.0,0.0,0.0,0.0,0.0,0.0,3.0,0,c242
73.0,417.0,0.0,0.0,0.0,0.0,0.0,3.0,1,c243
30.0,156.0,0.0,0.0,0.0,0.0,0.0,3.0,1,c244
70.0,404.0,0.0,0.0,0.0,0.0,0.0,3.0,0,c246
48.0,261.0,1.0,0.0,0.0,0.0,0.0,7.0,0,c248
35.0,186.0,0.0,0.0,1.0,0.0,0.0,7.0,1,c249
36.0,206.0,1.0,0.0,1.0,0.0,0.0,3.0,1,c250
44.0,284.0,0.0,0.0,0.0,0.0,1.0,3.0,1,c251
117.0,757.0,0.0,0.0,0.0,1.0,0.0,3.0,0,c252
36.0,239.0,0.0,0.0,0.0,0.0,0.0,3.0,0,c253
116.0,756.0,0.0,0.0,0.0,1.0,0.0,3.0,0,c254
178.0,1054.0,0.0,0.0,0.0,0.0,0.0,3.0,1,c256
94.0,545.0,0.0,1.0,0.0,0.0,0.0,6.0,0,c259
60.0,370.0,0.0,0.0,0.0,0.0,0.0,3.0,1,c260
61.0,372.0,0.0,0.0,0.0,0.0,0.0,3.0,0,c261
164.0,896.0,0.0,0.0,0.0,0.0,0.0,3.0,0,c262
62.0,375.0,0.0,0.0,0.0,0.0,0.0,3.0,1,c263
84.0,579.0,0.0,0.0,0.0,0.0,0.0,3.0,1,c264
53.0,310.0,0.0,1.0,0.0,0.0,0.0,3.0,1,c265
36.0,224.0,1.0,0.0,0.0,0.0,0.0,3.0,0,c266
132.0,865.0,0.0,0.0,0.0,0.0,0.0,3.0,0,c268
33.0,199.0,0.0,0.0,0.0,0.0,0.0,3.0,1,c269
31.0,181.0,0.0,0.0,0.0,0.0,0.0,3.0,0,c270
81.0,551.0,0.0,0.0,0.0,0.0,0.0,3.0,0,c271
60.0,359.0,0.0,0.0,0.0,0.0,0.0,3.0,1,c272
60.0,359.0,0.0,0.0,0.0,0.0,0.0,3.0,0,c273
75.0,517.0,0.0,0.0,0.0,0.0,0.0,3.0,1,c274
54.0,305.0,4.0,0.0,0.0,0.0,0.0,3.0,1,c275
85.0,623.0,0.0,0.0,0.0,0.0,0.0,3.0,0,c276
49.0,293.0,0.0,1.0,0.0,0.0,0.0,3.0,0,c277
85.0,623.0,0.0,0.0,0.0,0.0,0.0,3.0,1,c278
90.0,666.0,0.0,0.0,0.0,0.0,0.0,3.0,0,c279
98.0,543.0,0.0,0.0,1.0,0.0,0.0,3.0,0,c280
102.0,658.0,2.0,0.0,0.0,0.0,0.0,3.0,1,c282
117.0,743.0,0.0,0.0,0.0,1.0,0.0,3.0,0,c283
78.0,444.0,2.0,0.0,0.0,0.0,0.0,3.0,1,c286
34.0,190.0,0.0,0.0,0.0,0.0,0.0,3.0,1,c287
42.0,260.0,1.0,0.0,0.0,0.0,0.0,3.0,0,c288
30.0,216.0,1.0,0.0,0.0,0.0,0.0,3.0,1,c289
38.0,222.0,0.0,0.0,0.0,0.0,0.0,3.0,1,c290
67.0,370.0,0.0,0.0,0.0,0.0,0.0,3.0,1,c291
67.0,369.0,0.0,0.0,0.0,0.0,0.0,3.0,0,c292
55.0,344.0,1.0,0.0,0.0,0.0,0.0,3.0,1,c293
67.0,369.0,0.0,0.0,0.0,0.0,0.0,3.0,1,c294
55.0,345.0,1.0,0.0,0.0,0.0,0.0,3.0,0,c295
67.0,369.0,0.0,0.0,0.0,0.0,0.0,3.0,0,c296
123.0,776.0,5.0,1.0,0.0,1.0,0.0,6.0,0,c297
131.0,821.0,5.0,1.0,0.0,1.0,0.0,6.0,0,c298
43.0,316.0,0.0,0.0,1.0,0.0,1.0,7.0,1,c299
43.0,316.0,0.0,0.0,1.0,0.0,1.0,7.0,0,c300
74.0,467.0,0.0,0.0,0.0,0.0,0.0,3.0,1,c301
147.0,965.0,1.0,0.0,0.0,0.0,1.0,3.0,1,c302
60.0,379.0,0.0,0.0,0.0,0.0,0.0,3.0,0,c303
40.0,231.0,0.0,0.0,1.0,0.0,0.0,3.0,0,c304
60.0,379.0,0.0,0.0,0.0,0.0,0.0,3.0,1,c305
147.0,965.0,1.0,0.0,0.0,0.0,1.0,3.0,1,c306
147.0,965.0,1.0,0.0,0.0,0.0,1.0,3.0,0,c307
147.0,965.0,1.0,0.0,0.0,0.0,1.0,3.0,0,c308
79.0,478.0,0.0,0.0,0.0,1.0,1.0,4.0,1,c309
45.0,282.0,0.0,0.0,0.0,0.0,0.0,3.0,0,c310
147.0,965.0,1.0,0.0,0.0,0.0,1.0,3.0,0,c311
147.0,965.0,1.0,0.0,0.0,0.0,1.0,3.0,0,c312
147.0,965.0,1.0,0.0,0.0,0.0,1.0,3.0,1,c313
147.0,965.0,1.0,0.0,0.0,0.0,1.0,3.0,1,c314
147.0,965.0,1.0,0.0,0.0,0.0,1.0,3.0,1,c315
35.0,185.0,1.0,0.0,0.0,0.0,0.0,3.0,0,c316
30.0,184.0,1.0,0.0,0.0,0.0,0.0,3.0,1,c317
123.0,710.0,0.0,0.0,0.0,0.0,0.0,3.0,0,c318
134.0,787.0,0.0,0.0,1.0,0.0,0.0,3.0,0,c319
142.0,841.0,2.0,0.0,1.0,0.0,0.0,3.0,0,c320
44.0,251.0,2.0,0.0,0.0,0.0,0.0,3.0,1,c321
45.0,250.0,0.0,1.0,0.0,0.0,0.0,4.0,0,c322
32.0,181.0,0.0,1.0,0.0,1.0,0.0,3.0,0,c323
97.0,633.0,2.0,0.0,0.0,1.0,0.0,3.0,1,c324
35.0,177.0,0.0,0.0,0.0,0.0,0.0,3.0,0,c325
36.0,212.0,0.0,0.0,0.0,0.0,0.0,3.0,1,c326
53.0,345.0,1.0,0.0,1.0,0.0,0.0,3.0,0,c327
102.0,578.0,0.0,0.0,1.0,0.0,0.0,3.0,1,c328
120.0,761.0,1.0,0.0,0.0,0.0,0.0,3.0,0,c329
33.0,188.0,0.0,0.0,0.0,0.0,0.0,3.0,0,c330
120.0,757.0,1.0,0.0,0.0,0.0,0.0,3.0,1,c331
32.0,152.0,2.0,0.0,0.0,0.0,0.0,3.0,0,c332
33.0,215.0,0.0,0.0,0.0,0.0,0.0,3.0,1,c333
92.0,643.0,0.0,0.0,1.0,0.0,0.0,3.0,0,c334
57.0,371.0,0.0,0.0,0.0,1.0,0.0,3.0,0,c335
56.0,398.0,1.0,0.0,0.0,0.0,0.0,3.0,1,c336
84.0,469.0,0.0,0.0,0.0,0.0,0.0,3.0,0,c337
43.0,304.0,0.0,0.0,1.0,0.0,0.0,7.0,1,c339
43.0,304.0,0.0,0.0,1.0,0.0,0.0,7.0,1,c340
78.0,519.0,0.0,0.0,0.0,0.0,0.0,3.0,1,c342
47.0,281.0,0.0,0.0,0.0,0.0,0.0,3.0,0,c343
51.0,383.0,1.0,0.0,0.0,0.0,1.0,4.0,0,c344
66.0,406.0,0.0,0.0,0.0,0.0,0.0,3.0,1,c345
174.0,1107.0,6.0,1.0,0.0,1.0,0.0,6.0,0,c346
76.0,504.0,0.0,0.0,0.0,0.0,0.0,3.0,1,c347
88.0,599.0,0.0,0.0,0.0,0.0,0.0,3.0,0,c348
92.0,631.0,0.0,0.0,0.0,0.0,0.0,3.0,0,c349
39.0,240.0,0.0,0.0,0.0,0.0,0.0,3.0,1,c352
56.0,345.0,1.0,0.0,0.0,0.0,0.0,3.0,1,c353
106.0,616.0,0.0,0.0,0.0,0.0,0.0,3.0,0,c354
58.0,303.0,1.0,0.0,0.0,0.0,0.0,3.0,0,c355
106.0,616.0,0.0,0.0,0.0,0.0,0.0,3.0,1,c356
115.0,681.0,0.0,0.0,0.0,0.0,0.0,3.0,1,c357
117.0,665.0,5.0,0.0,0.0,0.0,0.0,3.0,0,c358
103.0,576.0,1.0,0.0,0.0,0.0,0.0,3.0,0,c359
37.0,217.0,0.0,0.0,0.0,0.0,0.0,7.0,1,c360
37.0,217.0,0.0,0.0,0.0,0.0,0.0,7.0,1,c361
133.0,873.0,1.0,0.0,0.0,0.0,0.0,3.0,1,c362
101.0,569.0,0.0,0.0,0.0,0.0,0.0,3.0,0,c363
78.0,495.0,0.0,0.0,0.0,1.0,1.0,4.0,0,c364
61.0,383.0,0.0,0.0,0.0,1.0,0.0,3.0,1,c365
67.0,422.0,0.0,0.0,0.0,1.0,0.0,3.0,1,c366
38.0,224.0,1.0,0.0,0.0,0.0,0.0,3.0,0,c367
40.0,212.0,0.0,0.0,0.0,0.0,0.0,3.0,0,c368
46.0,321.0,0.0,0.0,0.0,0.0,0.0,4.0,0,c369
147.0,965.0,1.0,0.0,0.0,0.0,1.0,3.0,0,c370
34.0,222.0,0.0,0.0,0.0,0.0,0.0,3.0,0,c371
32.0,303.0,0.0,0.0,0.0,1.0,0.0,3.0,1,c372
33.0,189.0,1.0,0.0,0.0,1.0,0.0,3.0,1,c373
86.0,479.0,0.0,0.0,0.0,0.0,0.0,3.0,0,c374
106.0,670.0,0.0,0.0,0.0,0.0,0.0,3.0,0,c375
91.0,543.0,0.0,0.0,0.0,0.0,0.0,7.0,0,c376
45.0,259.0,0.0,0.0,0.0,0.0,0.0,3.0,0,c377
154.0,916.0,2.0,0.0,0.0,0.0,0.0,3.0,1,c378
38.0,454.0,1.0,0.0,0.0,0.0,0.0,3.0,1,c380
44.0,286.0,0.0,0.0,0.0,0.0,0.0,3.0,0,c381
99.0,629.0,0.0,0.0,0.0,0.0,0.0,3.0,0,c382
72.0,360.0,0.0,0.0,1.0,0.0,0.0,7.0,0,c383
40.0,234.0,0.0,0.0,0.0,0.0,0.0,3.0,0,c384
30.0,161.0,1.0,0.0,0.0,0.0,0.0,3.0,1,c385
147.0,841.0,2.0,0.0,0.0,0.0,1.0,3.0,0,c386
37.0,183.0,0.0,0.0,0.0,0.0,0.0,3.0,1,c390
34.0,236.0,1.0,0.0,0.0,0.0,0.0,3.0,0,c391
181.0,972.0,0.0,0.0,0.0,0.0,0.0,3.0,1,c392
197.0,1113.0,0.0,0.0,1.0,0.0,0.0,3.0,1,c393
30.0,147.0,1.0,0.0,0.0,0.0,0.0,3.0,0,c394
40.0,232.0,1.0,0.0,0.0,0.0,0.0,3.0,1,c395
